Date,AAPL.Adjusted
2007-01-03,10.90416
2007-01-04,11.14619
2007-01-05,11.06681
2007-01-08,11.12147
2007-01-09,12.04533
2007-01-10,12.62176
2007-01-11,12.46562
2007-01-12,12.31207
2007-01-16,12.63477
2007-01-17,12.35501
2007-01-18,11.5899
2007-01-19,11.51573
2007-01-22,11.29322
2007-01-23,11.15139
2007-01-24,11.28151
2007-01-25,11.22296
2007-01-26,11.10975
2007-01-29,11.18262
2007-01-30,11.13188
2007-01-31,11.1553
2007-02-01,11.02648
2007-02-02,11.02778
2007-02-05,10.92238
2007-02-06,10.9497
2007-02-07,11.20995
2007-02-08,11.21385
2007-02-09,10.8352
2007-02-12,11.04469
2007-02-13,11.02127
2007-02-14,11.09934
2007-02-15,11.08763
2007-02-16,11.03819
2007-02-20,11.17742
2007-02-21,11.60682
2007-02-22,11.64715
2007-02-23,11.5899
2007-02-26,11.51703
2007-02-27,10.92108
2007-02-28,11.00956
2007-03-01,11.32836
2007-03-02,11.11366
2007-03-05,11.23207
2007-03-06,11.4754
2007-03-07,11.41424
2007-03-08,11.45067
2007-03-09,11.44677
2007-03-12,11.694
2007-03-13,11.50272
2007-03-14,11.71091
2007-03-15,11.65496
2007-03-16,11.65756
2007-03-19,11.85795
2007-03-20,11.90349
2007-03-21,12.21448
2007-03-22,12.22619
2007-03-23,12.16894
2007-03-26,12.47212
2007-03-27,12.42138
2007-03-28,12.13251
2007-03-29,12.19887
2007-03-30,12.08957
2007-04-02,12.18586
2007-04-03,12.29646
2007-04-04,12.26653
2007-04-05,12.31988
2007-04-09,12.18586
2007-04-10,12.26393
2007-04-11,12.04793
2007-04-12,11.99588
2007-04-13,11.74214
2007-04-16,11.89699
2007-04-17,11.75646
2007-04-18,11.76296
2007-04-19,11.74605
2007-04-20,11.83713
2007-04-23,12.16764
2007-04-24,12.13251
2007-04-25,12.40706
2007-04-26,12.86119
2007-04-27,13.00172
2007-04-30,12.9861
2007-05-01,12.94316
2007-05-02,13.06287
2007-05-03,13.06418
2007-05-04,13.11752
2007-05-07,13.5222
2007-05-08,13.67054
2007-05-09,13.90736
2007-05-10,13.96722
2007-05-11,14.14939
2007-05-14,14.23006
2007-05-15,13.99064
2007-05-16,13.96722
2007-05-17,14.24047
2007-05-18,14.31594
2007-05-21,14.57098
2007-05-22,14.77397
2007-05-23,14.68939
2007-05-24,14.40312
2007-05-25,14.78438
2007-05-29,14.87937
2007-05-30,15.4545
2007-05-31,15.7694
2007-06-01,15.40636
2007-06-04,15.78761
2007-06-05,15.96198
2007-06-06,16.08819
2007-06-07,16.14415
2007-06-08,16.1988
2007-06-11,15.63927
2007-06-12,15.664
2007-06-13,15.28925
2007-06-14,15.4519
2007-06-15,15.67961
2007-06-18,16.27687
2007-06-19,16.0908
2007-06-20,15.81624
2007-06-21,16.12203
2007-06-22,16.00492
2007-06-25,15.91903
2007-06-26,15.56901
2007-06-27,15.86048
2007-06-28,15.68742
2007-06-29,15.88
2007-07-02,15.7785
2007-07-03,16.54752
2007-07-05,17.2736
2007-07-06,17.21504
2007-07-09,16.9587
2007-07-10,17.22155
2007-07-11,17.22675
2007-07-12,17.44536
2007-07-13,17.9216
2007-07-16,17.96975
2007-07-17,18.07514
2007-07-18,17.97235
2007-07-19,18.21698
2007-07-20,18.70493
2007-07-23,18.69843
2007-07-24,17.55206
2007-07-25,17.86044
2007-07-26,18.9977
2007-07-27,18.71794
2007-07-30,18.40305
2007-07-31,17.14478
2007-08-01,17.56637
2007-08-02,17.76025
2007-08-03,17.15649
2007-08-06,17.5989
2007-08-07,17.57027
2007-08-08,17.43755
2007-08-09,16.44603
2007-08-10,16.26516
2007-08-13,16.6282
2007-08-14,16.13894
2007-08-15,15.60154
2007-08-16,15.23069
2007-08-17,15.8826
2007-08-20,15.90342
2007-08-21,16.59957
2007-08-22,17.24237
2007-08-23,17.05499
2007-08-24,17.60541
2007-08-27,17.20854
2007-08-28,16.50198
2007-08-29,17.44666
2007-08-30,17.72902
2007-08-31,18.01919
2007-09-04,18.75828
2007-09-05,17.79538
2007-09-06,17.56767
2007-09-07,17.14608
2007-09-10,17.78888
2007-09-11,17.63013
2007-09-12,17.80709
2007-09-13,17.85264
2007-09-14,18.06213
2007-09-17,18.01009
2007-09-18,18.33669
2007-09-19,18.31717
2007-09-20,18.25731
2007-09-21,18.75698
2007-09-24,19.29438
2007-09-25,19.93198
2007-09-26,19.87862
2007-09-27,20.10374
2007-09-28,19.96971
2007-10-01,20.34316
2007-10-02,20.61771
2007-10-03,20.54875
2007-10-04,20.33015
2007-10-05,21.00808
2007-10-08,21.84866
2007-10-09,21.84216
2007-10-10,21.70293
2007-10-11,21.10957
2007-10-12,21.76278
2007-10-15,21.72765
2007-10-16,22.06596
2007-10-17,22.47845
2007-10-18,22.57604
2007-10-19,22.17527
2007-10-22,22.68794
2007-10-23,24.22338
2007-10-24,24.19345
2007-10-25,23.78356
2007-10-26,24.0334
2007-10-29,24.08414
2007-10-30,24.33268
2007-10-31,24.71653
2007-11-01,24.38993
2007-11-02,24.44588
2007-11-05,24.22598
2007-11-06,24.95596
2007-11-07,24.24159
2007-11-08,22.83238
2007-11-09,21.51815
2007-11-12,20.00745
2007-11-13,22.11541
2007-11-14,21.61444
2007-11-15,21.37892
2007-11-16,21.65088
2007-11-19,21.33338
2007-11-20,21.97098
2007-11-21,21.92023
2007-11-23,22.321
2007-11-26,22.45112
2007-11-27,22.7465
2007-11-28,23.45045
2007-11-29,23.98005
2007-11-30,23.7107
2007-12-03,23.27349
2007-12-04,23.3971
2007-12-05,24.1375
2007-12-06,24.71653
2007-12-07,25.28256
2007-12-10,25.27085
2007-12-11,24.53306
2007-12-12,24.83495
2007-12-13,24.96116
2007-12-14,24.77379
2007-12-17,23.99436
2007-12-18,23.80959
2007-12-19,23.82781
2007-12-20,24.36
2007-12-21,25.23182
2007-12-24,25.86811
2007-12-26,25.88763
2007-12-27,25.83818
2007-12-28,26.00213
2007-12-31,25.77442
2008-01-02,25.35283
2008-01-03,25.36454
2008-01-04,23.42833
2008-01-07,23.11474
2008-01-08,22.28327
2008-01-09,23.34375
2008-01-10,23.16419
2008-01-11,22.47064
2008-01-14,23.26308
2008-01-15,21.9957
2008-01-16,20.77256
2008-01-17,20.93521
2008-01-18,20.99637
2008-01-22,20.25207
2008-01-23,18.09596
2008-01-24,17.64444
2008-01-25,16.91707
2008-01-28,16.91707
2008-01-29,17.11615
2008-01-30,17.19943
2008-01-31,17.61322
2008-02-01,17.40372
2008-02-04,17.13046
2008-02-05,16.83249
2008-02-06,15.8748
2008-02-07,15.7759
2008-02-08,16.32762
2008-02-11,16.8442
2008-02-12,16.24694
2008-02-13,16.83769
2008-02-14,16.58526
2008-02-15,16.21701
2008-02-19,15.89822
2008-02-20,16.11162
2008-02-21,15.81494
2008-02-22,15.54429
2008-02-25,15.58072
2008-02-26,15.50395
2008-02-27,15.99971
2008-02-28,16.90405
2008-02-29,16.26776
2008-03-03,15.83966
2008-03-04,16.21571
2008-03-05,16.1988
2008-03-06,15.73556
2008-03-07,15.90732
2008-03-10,15.57422
2008-03-11,16.57094
2008-03-12,16.39918
2008-03-13,16.64772
2008-03-14,16.47465
2008-03-17,16.49027
2008-03-18,17.28271
2008-03-19,16.87282
2008-03-20,17.34126
2008-03-24,18.15582
2008-03-25,18.34449
2008-03-26,18.87539
2008-03-27,18.24951
2008-03-28,18.60864
2008-03-31,18.6724
2008-04-01,19.45703
2008-04-02,19.19158
2008-04-03,19.72769
2008-04-04,19.91896
2008-04-07,20.2846
2008-04-08,19.88773
2008-04-09,19.70556
2008-04-10,20.11024
2008-04-11,19.14604
2008-04-14,19.22932
2008-04-15,19.30739
2008-04-16,19.99964
2008-04-17,20.10243
2008-04-18,20.95473
2008-04-21,21.88119
2008-04-22,20.84543
2008-04-23,21.19545
2008-04-24,21.98269
2008-04-25,22.08548
2008-04-28,22.41209
2008-04-29,22.77773
2008-04-30,22.63459
2008-05-01,23.42183
2008-05-02,23.54414
2008-05-05,24.0373
2008-05-06,24.28843
2008-05-07,23.75884
2008-05-08,24.08024
2008-05-09,23.87075
2008-05-12,24.48362
2008-05-13,24.71784
2008-05-14,24.23639
2008-05-15,24.68791
2008-05-16,24.41335
2008-05-19,23.89026
2008-05-20,24.18954
2008-05-21,23.18631
2008-05-22,23.03797
2008-05-23,23.57407
2008-05-27,24.25851
2008-05-28,24.33398
2008-05-29,24.29234
2008-05-30,24.56039
2008-06-02,24.21557
2008-06-03,24.12058
2008-06-04,24.09716
2008-06-05,24.64887
2008-06-06,24.15571
2008-06-09,23.63132
2008-06-10,24.15571
2008-06-11,23.52723
2008-06-12,22.54481
2008-06-13,22.429
2008-06-16,23.01065
2008-06-17,23.6079
2008-06-18,23.25918
2008-06-19,23.53894
2008-06-20,22.80635
2008-06-23,22.5318
2008-06-24,22.54351
2008-06-25,23.08221
2008-06-26,21.8942
2008-06-27,22.13233
2008-06-30,21.7875
2008-07-01,22.72958
2008-07-02,21.88379
2008-07-03,22.13623
2008-07-07,22.79204
2008-07-08,23.36327
2008-07-09,22.67363
2008-07-10,22.98332
2008-07-11,22.45633
2008-07-14,22.62549
2008-07-15,22.07377
2008-07-16,22.48626
2008-07-17,22.35613
2008-07-18,21.48953
2008-07-21,21.63787
2008-07-22,21.08225
2008-07-23,21.63396
2008-07-24,20.69318
2008-07-25,21.09526
2008-07-28,20.09072
2008-07-29,20.43945
2008-07-30,20.80379
2008-07-31,20.68278
2008-08-01,20.3848
2008-08-04,19.93848
2008-08-05,20.90268
2008-08-06,21.36461
2008-08-07,21.28394
2008-08-08,22.06206
2008-08-11,22.58385
2008-08-12,22.99633
2008-08-13,23.33074
2008-08-14,23.33335
2008-08-15,22.86751
2008-08-18,22.82197
2008-08-19,22.57994
2008-08-20,22.88052
2008-08-21,22.67883
2008-08-22,23.00414
2008-08-25,22.45242
2008-08-26,22.59426
2008-08-27,22.72828
2008-08-28,22.60727
2008-08-29,22.05946
2008-09-02,21.62485
2008-09-03,21.72505
2008-09-04,20.97815
2008-09-05,20.84282
2008-09-08,20.54875
2008-09-09,19.73679
2008-09-10,19.72769
2008-09-11,19.86301
2008-09-12,19.38026
2008-09-15,18.26382
2008-09-16,18.20136
2008-09-17,16.6334
2008-09-18,17.44796
2008-09-19,18.33539
2008-09-22,17.05239
2008-09-23,16.50458
2008-09-24,16.74791
2008-09-25,17.1669
2008-09-26,16.68675
2008-09-29,13.69656
2008-09-30,14.78958
2008-10-01,14.19883
2008-10-02,13.02514
2008-10-03,12.63087
2008-10-06,12.7701
2008-10-07,11.60161
2008-10-08,11.68359
2008-10-09,11.54696
2008-10-10,12.59574
2008-10-13,14.34717
2008-10-14,13.54302
2008-10-15,12.74538
2008-10-16,13.25806
2008-10-17,12.67381
2008-10-20,12.80914
2008-10-21,11.90479
2008-10-22,12.60485
2008-10-23,12.78181
2008-10-24,12.54109
2008-10-27,11.98287
2008-10-28,13.00042
2008-10-29,13.60418
2008-10-30,14.44867
2008-10-31,13.99975
2008-11-03,13.91777
2008-11-04,14.44216
2008-11-05,13.44153
2008-11-06,12.89502
2008-11-07,12.78311
2008-11-10,12.47603
2008-11-11,12.33159
2008-11-12,11.72653
2008-11-13,12.54889
2008-11-14,11.74214
2008-11-17,11.46889
2008-11-18,11.6992
2008-11-19,11.22816
2008-11-20,10.47346
2008-11-21,10.74541
2008-11-24,12.09477
2008-11-25,11.81501
2008-11-26,12.36152
2008-11-28,12.05834
2008-12-01,11.57168
2008-12-02,12.03231
2008-12-03,12.47863
2008-12-04,11.89438
2008-12-05,12.2314
2008-12-08,12.97569
2008-12-09,13.01993
2008-12-10,12.77921
2008-12-11,12.36152
2008-12-12,12.78702
2008-12-15,12.32899
2008-12-16,12.41747
2008-12-17,11.60161
2008-12-18,11.63674
2008-12-19,11.71091
2008-12-22,11.1566
2008-12-23,11.23987
2008-12-24,11.06551
2008-12-26,11.16571
2008-12-29,11.2698
2008-12-30,11.22816
2008-12-31,11.10585
2009-01-02,11.80851
2009-01-05,12.30687
2009-01-06,12.10388
2009-01-07,11.84234
2009-01-08,12.06224
2009-01-09,11.78638
2009-01-12,11.53655
2009-01-13,11.41294
2009-01-14,11.10325
2009-01-15,10.84951
2009-01-16,10.71288
2009-01-20,10.17548
2009-01-21,10.77794
2009-01-22,11.49751
2009-01-23,11.49751
2009-01-26,11.66407
2009-01-27,11.8059
2009-01-28,12.25742
2009-01-29,12.10128
2009-01-30,11.72783
2009-02-02,11.9074
2009-02-03,12.09868
2009-02-04,12.17284
2009-02-05,12.5515
2009-02-06,12.97569
2009-02-09,13.33873
2009-02-10,12.72976
2009-02-11,12.59834
2009-02-12,12.91714
2009-02-13,12.90282
2009-02-17,12.30036
2009-02-18,12.27954
2009-02-19,11.79419
2009-02-20,11.86706
2009-02-23,11.31404
2009-02-24,11.74344
2009-02-25,11.86185
2009-02-26,11.60552
2009-02-27,11.62113
2009-03-02,11.44286
2009-03-03,11.49882
2009-03-04,11.86316
2009-03-05,11.55997
2009-03-06,11.09934
2009-03-09,10.81438
2009-03-10,11.53265
2009-03-11,12.05964
2009-03-12,12.53718
2009-03-13,12.48253
2009-03-16,12.41617
2009-03-17,12.96789
2009-03-18,13.20991
2009-03-19,13.22292
2009-03-20,13.21902
2009-03-23,14.00886
2009-03-24,13.85792
2009-03-25,13.85661
2009-03-26,14.29642
2009-03-27,13.90346
2009-03-30,13.59637
2009-03-31,13.67835
2009-04-01,14.14288
2009-04-02,14.66597
2009-04-03,15.09276
2009-04-06,15.41286
2009-04-07,14.96395
2009-04-08,15.13571
2009-04-09,15.5586
2009-04-13,15.64318
2009-04-14,15.39465
2009-04-15,15.30747
2009-04-16,15.80323
2009-04-17,16.05957
2009-04-20,15.67961
2009-04-21,15.84356
2009-04-22,15.81104
2009-04-23,16.31721
2009-04-24,16.12203
2009-04-27,16.23003
2009-04-28,16.12203
2009-04-29,16.28337
2009-04-30,16.37316
2009-05-01,16.55663
2009-05-04,17.18512
2009-05-05,17.26839
2009-05-06,17.24107
2009-05-07,16.79345
2009-05-08,16.81037
2009-05-11,16.85981
2009-05-12,16.18969
2009-05-13,15.54819
2009-05-14,15.99841
2009-05-15,15.92944
2009-05-18,16.47986
2009-05-19,16.58396
2009-05-20,16.37836
2009-05-21,16.15846
2009-05-22,15.93985
2009-05-26,17.01726
2009-05-27,17.31263
2009-05-28,17.57548
2009-05-29,17.67177
2009-06-01,18.1324
2009-06-02,18.15061
2009-06-03,18.34059
2009-06-04,18.70363
2009-06-05,18.82464
2009-06-08,18.71794
2009-06-09,18.57091
2009-06-10,18.24951
2009-06-11,18.21047
2009-06-12,17.82271
2009-06-15,17.7082
2009-06-16,17.74203
2009-06-17,17.64184
2009-06-18,17.68088
2009-06-19,18.14931
2009-06-22,17.87476
2009-06-23,17.43755
2009-06-24,17.72512
2009-06-25,18.19876
2009-06-26,18.53447
2009-06-29,18.47332
2009-06-30,18.53317
2009-07-01,18.58522
2009-07-02,18.21958
2009-07-06,18.03611
2009-07-07,17.61842
2009-07-08,17.85524
2009-07-09,17.74333
2009-07-10,18.0244
2009-07-13,18.52146
2009-07-14,18.51235
2009-07-15,19.11221
2009-07-16,19.19549
2009-07-17,19.7459
2009-07-20,19.89684
2009-07-21,19.71467
2009-07-22,20.39521
2009-07-23,20.53574
2009-07-24,20.8181
2009-07-27,20.83242
2009-07-28,20.8194
2009-07-29,20.82331
2009-07-30,21.18244
2009-07-31,21.26051
2009-08-03,21.65608
2009-08-04,21.54158
2009-08-05,21.48432
2009-08-06,21.32818
2009-08-07,21.53637
2009-08-10,21.43358
2009-08-11,21.18765
2009-08-12,21.51035
2009-08-13,21.91502
2009-08-14,21.70162
2009-08-17,20.76605
2009-08-18,21.33989
2009-08-19,21.41796
2009-08-20,21.64307
2009-08-21,22.01912
2009-08-24,21.9983
2009-08-25,22.04254
2009-08-26,21.7836
2009-08-27,22.04905
2009-08-28,22.12712
2009-08-31,21.8877
2009-09-01,21.50905
2009-09-02,21.49343
2009-09-03,21.6717
2009-09-04,22.16095
2009-09-08,22.50187
2009-09-09,22.26895
2009-09-10,22.45372
2009-09-11,22.40168
2009-09-14,22.60467
2009-09-15,22.79204
2009-09-16,23.66515
2009-09-17,24.01388
2009-09-18,24.07504
2009-09-21,23.94492
2009-09-22,24.00477
2009-09-23,24.1375
2009-09-24,23.91889
2009-09-25,23.73021
2009-09-28,24.22207
2009-09-29,24.12188
2009-09-30,24.11798
2009-10-01,23.53373
2009-10-02,24.05942
2009-10-05,24.20516
2009-10-06,24.72434
2009-10-07,24.75557
2009-10-08,24.62805
2009-10-09,24.7842
2009-10-12,24.82844
2009-10-13,24.72564
2009-10-14,24.8909
2009-10-15,24.79591
2009-10-16,24.4693
2009-10-19,24.70482
2009-10-20,25.8629
2009-10-21,26.66445
2009-10-22,26.70088
2009-10-23,26.53693
2009-10-26,26.34695
2009-10-27,25.68203
2009-10-28,25.03533
2009-10-29,25.54931
2009-10-30,24.52786
2009-11-02,24.63326
2009-11-03,24.56039
2009-11-04,24.82844
2009-11-05,25.24743
2009-11-06,25.28777
2009-11-09,26.21423
2009-11-10,26.41201
2009-11-11,26.44715
2009-11-12,26.28319
2009-11-13,26.60329
2009-11-16,26.88696
2009-11-17,26.9351
2009-11-18,26.79978
2009-11-19,26.09061
2009-11-20,26.01384
2009-11-23,26.78937
2009-11-24,26.60199
2009-11-25,26.56946
2009-11-27,26.10102
2009-11-30,26.01254
2009-12-01,25.62999
2009-12-02,25.5337
2009-12-03,25.56623
2009-12-04,25.15504
2009-12-07,24.58641
2009-12-08,24.70613
2009-12-09,25.73799
2009-12-10,25.55972
2009-12-11,25.33071
2009-12-14,25.63129
2009-12-15,25.26565
2009-12-16,25.37755
2009-12-17,24.96507
2009-12-18,25.4296
2009-12-21,25.79394
2009-12-22,26.0711
2009-12-23,26.29751
2009-12-24,27.20055
2009-12-28,27.53496
2009-12-29,27.20836
2009-12-30,27.53886
2009-12-31,27.42046
2010-01-04,27.84725
2010-01-05,27.8954
2010-01-06,27.45168
2010-01-07,27.40094
2010-01-08,27.58311
2010-01-11,27.33978
2010-01-12,27.02879
2010-01-13,27.41005
2010-01-14,27.2513
2010-01-15,26.79587
2010-01-19,27.98128
2010-01-20,27.55057
2010-01-21,27.07433
2010-01-22,25.73148
2010-01-25,26.42373
2010-01-26,26.79717
2010-01-27,27.04961
2010-01-28,25.93187
2010-01-29,24.99109
2010-02-01,25.33851
2010-02-02,25.48555
2010-02-03,25.92406
2010-02-04,24.98979
2010-02-05,25.4335
2010-02-08,25.25914
2010-02-09,25.52849
2010-02-10,25.38926
2010-02-11,25.85119
2010-02-12,26.0737
2010-02-16,26.46666
2010-02-17,26.35606
2010-02-18,26.40551
2010-02-19,26.24156
2010-02-22,26.0789
2010-02-23,25.6417
2010-02-24,26.11013
2010-02-25,26.2845
2010-02-26,26.62541
2010-03-01,27.19404
2010-03-02,27.17583
2010-03-03,27.23828
2010-03-04,27.41785
2010-03-05,28.49005
2010-03-08,28.50697
2010-03-09,29.01965
2010-03-10,29.25646
2010-03-11,29.34235
2010-03-12,29.48548
2010-03-15,29.12634
2010-03-16,29.20572
2010-03-17,29.16278
2010-03-18,29.23174
2010-03-19,28.91945
2010-03-22,29.24476
2010-03-23,29.71449
2010-03-24,29.84592
2010-03-25,29.49198
2010-03-26,30.045
2010-03-29,30.23888
2010-03-30,30.6891
2010-03-31,30.5785
2010-04-01,30.70471
2010-04-05,31.03262
2010-04-06,31.16925
2010-04-07,31.30718
2010-04-08,31.2226
2010-04-09,31.46202
2010-04-12,31.52708
2010-04-13,31.5453
2010-04-14,31.96949
2010-04-15,32.38979
2010-04-16,32.192
2010-04-19,32.14906
2010-04-20,31.82636
2010-04-21,33.73004
2010-04-22,34.67341
2010-04-23,35.24074
2010-04-26,35.06768
2010-04-27,34.09698
2010-04-28,34.03972
2010-04-29,34.95578
2010-04-30,33.97336
2010-05-03,34.6578
2010-05-04,33.65977
2010-05-05,33.30974
2010-05-06,32.04236
2010-05-07,30.6904
2010-05-10,33.0495
2010-05-11,33.37871
2010-05-12,34.10348
2010-05-13,33.61813
2010-05-14,33.02738
2010-05-17,33.07943
2010-05-18,32.8374
2010-05-19,32.31432
2010-05-20,30.93763
2010-05-21,31.53098
2010-05-24,32.10872
2010-05-25,31.90834
2010-05-26,31.7639
2010-05-27,32.96622
2010-05-28,33.42555
2010-06-01,33.93953
2010-06-02,34.34551
2010-06-03,34.23751
2010-06-04,33.30584
2010-06-07,32.65263
2010-06-08,32.44314
2010-06-09,31.64549
2010-06-10,32.59668
2010-06-11,32.98704
2010-06-14,33.08723
2010-06-15,33.79119
2010-06-16,34.77491
2010-06-17,35.37607
2010-06-18,35.66234
2010-06-21,35.15486
2010-06-22,35.63371
2010-06-23,35.25896
2010-06-24,35.00262
2010-06-25,34.70334
2010-06-28,34.91154
2010-06-29,33.33317
2010-06-30,32.7294
2010-07-01,32.33253
2010-07-02,32.13214
2010-07-06,32.35205
2010-07-07,33.65847
2010-07-08,33.583
2010-07-09,33.78208
2010-07-12,33.4789
2010-07-13,32.76453
2010-07-14,32.88555
2010-07-15,32.71899
2010-07-16,32.51731
2010-07-19,31.95518
2010-07-20,32.77625
2010-07-21,33.08203
2010-07-22,33.70401
2010-07-23,33.82372
2010-07-26,33.73784
2010-07-27,34.36243
2010-07-28,33.95644
2010-07-29,33.5856
2010-07-30,33.47369
2010-08-02,34.07225
2010-08-03,34.08266
2010-08-04,34.21929
2010-08-05,34.05274
2010-08-06,33.84324
2010-08-09,34.05924
2010-08-10,33.75476
2010-08-11,32.55504
2010-08-12,32.76323
2010-08-13,32.4132
2010-08-16,32.22323
2010-08-17,32.78666
2010-08-18,32.92979
2010-08-19,32.5147
2010-08-20,32.48347
2010-08-23,31.98381
2010-08-24,31.22
2010-08-25,31.60515
2010-08-26,31.26554
2010-08-27,31.4399
2010-08-30,31.55441
2010-08-31,31.63248
2010-09-01,32.57326
2010-09-02,32.81268
2010-09-03,33.67148
2010-09-07,33.54657
2010-09-08,34.21148
2010-09-09,34.231
2010-09-10,34.27524
2010-09-13,34.74758
2010-09-14,34.88031
2010-09-15,35.16137
2010-09-16,35.98764
2010-09-17,35.83149
2010-09-20,36.85425
2010-09-21,36.92451
2010-09-22,37.44239
2010-09-23,37.59463
2010-09-24,38.03705
2010-09-27,37.88611
2010-09-28,37.32659
2010-09-29,37.39295
2010-09-30,36.92191
2010-10-01,36.76186
2010-10-04,36.25699
2010-10-05,37.59724
2010-10-06,37.62977
2010-10-07,37.63367
2010-10-08,38.26476
2010-10-11,38.43262
2010-10-12,38.8464
2010-10-13,39.0546
2010-10-14,39.33696
2010-10-15,40.95437
2010-10-18,41.37856
2010-10-19,40.27123
2010-10-20,40.40655
2010-10-21,40.27513
2010-10-22,40.00839
2010-10-25,40.18665
2010-10-26,40.08385
2010-10-27,40.05523
2010-10-28,39.71821
2010-10-29,39.1639
2010-11-01,39.58029
2010-11-02,40.25431
2010-11-03,40.70193
2010-11-04,41.4137
2010-11-05,41.26536
2010-11-08,41.45924
2010-11-09,41.12873
2010-11-10,41.38247
2010-11-11,41.2029
2010-11-12,40.08125
2010-11-15,39.95243
2010-11-16,39.24327
2010-11-17,39.10144
2010-11-18,40.1333
2010-11-19,39.9121
2010-11-22,40.7748
2010-11-23,40.17234
2010-11-24,40.96217
2010-11-26,40.9882
2010-11-29,41.23153
2010-11-30,40.48723
2010-12-01,41.17037
2010-12-02,41.39808
2010-12-03,41.3057
2010-12-06,41.65832
2010-12-07,41.40589
2010-12-08,41.77023
2010-12-09,41.60758
2010-12-10,41.71167
2010-12-13,41.85611
2010-12-14,41.67654
2010-12-15,41.68565
2010-12-16,41.80146
2010-12-17,41.71818
2010-12-20,41.92637
2010-12-21,42.18531
2010-12-22,42.31023
2010-12-23,42.10724
2010-12-27,42.24777
2010-12-28,42.35057
2010-12-29,42.32715
2010-12-30,42.11505
2010-12-31,41.97192
2011-01-03,42.88406
2011-01-04,43.10788
2011-01-05,43.4605
2011-01-06,43.42537
2011-01-07,43.73636
2011-01-10,44.56003
2011-01-11,44.45463
2011-01-12,44.81637
2011-01-13,44.98032
2011-01-14,45.34466
2011-01-18,44.32581
2011-01-19,44.09029
2011-01-20,43.28874
2011-01-21,42.51322
2011-01-24,43.90942
2011-01-25,44.4234
2011-01-26,44.7422
2011-01-27,44.65892
2011-01-28,43.73376
2011-01-31,44.15275
2011-02-01,44.89574
2011-02-02,44.80335
2011-02-03,44.68885
2011-02-04,45.08702
2011-02-07,45.78707
2011-02-08,46.21907
2011-02-09,46.60423
2011-02-10,46.13319
2011-02-11,46.43377
2011-02-14,46.73696
2011-02-15,46.83064
2011-02-16,47.25093
2011-02-17,46.62245
2011-02-18,45.61531
2011-02-22,44.06036
2011-02-23,44.58215
2011-02-24,44.61598
2011-02-25,45.30302
2011-02-28,45.96013
2011-03-01,45.45266
2011-03-02,45.8183
2011-03-03,46.7864
2011-03-04,46.84365
2011-03-07,46.23989
2011-03-08,46.29194
2011-03-09,45.86384
2011-03-10,45.10914
2011-03-11,45.80139
2011-03-14,46.00567
2011-03-15,44.94779
2011-03-16,42.94132
2011-03-17,43.54378
2011-03-18,43.0272
2011-03-21,44.15015
2011-03-22,44.39738
2011-03-23,44.13583
2011-03-24,44.88793
2011-03-25,45.74283
2011-03-28,45.5997
2011-03-29,45.66736
2011-03-30,45.36418
2011-03-31,45.34856
2011-04-01,44.83458
2011-04-04,44.39607
2011-04-05,44.0968
2011-04-06,43.98619
2011-04-07,43.9914
2011-04-08,43.59843
2011-04-11,43.04411
2011-04-12,43.25231
2011-04-13,43.73766
2011-04-14,43.25491
2011-04-15,42.60951
2011-04-18,43.18074
2011-04-19,43.96277
2011-04-20,44.55482
2011-04-21,45.63353
2011-04-25,45.93411
2011-04-26,45.5971
2011-04-27,45.56196
2011-04-28,45.11955
2011-04-29,45.55936
2011-05-02,45.05839
2011-05-03,45.30823
2011-05-04,45.48649
2011-05-05,45.11955
2011-05-06,45.10784
2011-05-09,45.23015
2011-05-10,45.47088
2011-05-11,45.18201
2011-05-12,45.09613
2011-05-13,44.30629
2011-05-16,43.36942
2011-05-17,43.73896
2011-05-18,44.22431
2011-05-19,44.3102
2011-05-20,43.61925
2011-05-23,43.51255
2011-05-24,43.22498
2011-05-25,43.82224
2011-05-26,43.59062
2011-05-27,43.90422
2011-05-31,45.26008
2011-06-01,44.9582
2011-06-02,45.03497
2011-06-03,44.68885
2011-06-06,43.98619
2011-06-07,43.20546
2011-06-08,43.23149
2011-06-09,43.1339
2011-06-10,42.40652
2011-06-13,42.49761
2011-06-14,43.25751
2011-06-15,42.51712
2011-06-16,42.31023
2011-06-17,41.67263
2011-06-20,41.02984
2011-06-21,42.32845
2011-06-22,41.97842
2011-06-23,43.10007
2011-06-24,42.46508
2011-06-27,43.20546
2011-06-28,43.62446
2011-06-29,43.46571
2011-06-30,43.67781
2011-07-01,44.66543
2011-07-05,45.46827
2011-07-06,45.77146
2011-07-07,46.47932
2011-07-08,46.80592
2011-07-11,46.06293
2011-07-12,46.0304
2011-07-13,46.58602
2011-07-14,46.55349
2011-07-15,47.48385
2011-07-18,48.63933
2011-07-19,49.0362
2011-07-20,50.34392
2011-07-21,50.39467
2011-07-22,51.17669
2011-07-25,51.85332
2011-07-26,52.49222
2011-07-27,51.08431
2011-07-28,50.98411
2011-07-29,50.80975
2011-08-01,51.62561
2011-08-02,50.60546
2011-08-03,51.0817
2011-08-04,49.10386
2011-08-05,48.61591
2011-08-08,45.96013
2011-08-09,48.66665
2011-08-10,47.3238
2011-08-11,48.62632
2011-08-12,49.05441
2011-08-15,49.88979
2011-08-16,49.50854
2011-08-17,49.50333
2011-08-18,47.63089
2011-08-19,46.32707
2011-08-22,46.38042
2011-08-23,48.6133
2011-08-24,48.94902
2011-08-25,48.62892
2011-08-26,49.91191
2011-08-29,50.74339
2011-08-30,50.74599
2011-08-31,50.07457
2011-09-01,49.58011
2011-09-02,48.67186
2011-09-06,49.41225
2011-09-07,49.95746
2011-09-08,49.98478
2011-09-09,49.11817
2011-09-12,49.43827
2011-09-13,50.04724
2011-09-14,50.65621
2011-09-15,51.13245
2011-09-16,52.11357
2011-09-19,53.56182
2011-09-20,53.79864
2011-09-21,53.62818
2011-09-22,52.28533
2011-09-23,52.60803
2011-09-26,52.46099
2011-09-27,51.95222
2011-09-28,51.65944
2011-09-29,50.82146
2011-09-30,49.61784
2011-10-03,48.74343
2011-10-04,48.47017
2011-10-05,49.21837
2011-10-06,49.10386
2011-10-07,48.11884
2011-10-10,50.59245
2011-10-11,52.08624
2011-10-12,52.33347
2011-10-13,53.14543
2011-10-14,54.91117
2011-10-17,54.64963
2011-10-18,54.9424
2011-10-19,51.86894
2011-10-20,51.43824
2011-10-21,51.12074
2011-10-24,52.79931
2011-10-25,51.75834
2011-10-26,52.12658
2011-10-27,52.65878
2011-10-28,52.69261
2011-10-31,52.67049
2011-11-01,51.59438
2011-11-02,51.71149
2011-11-03,52.44798
2011-11-04,52.07973
2011-11-07,52.01337
2011-11-08,52.85916
2011-11-09,51.43433
2011-11-10,50.12531
2011-11-11,50.04724
2011-11-14,49.34979
2011-11-15,50.59505
2011-11-16,50.06676
2011-11-17,49.10907
2011-11-18,48.78767
2011-11-21,48.01605
2011-11-22,48.99196
2011-11-23,47.7532
2011-11-25,47.30819
2011-11-28,48.94121
2011-11-29,48.56126
2011-11-30,49.73235
2011-12-01,50.47794
2011-12-02,50.70826
2011-12-05,51.13896
2011-12-06,50.87091
2011-12-07,50.62888
2011-12-08,50.83317
2011-12-09,51.21833
2011-12-12,50.98672
2011-12-13,50.59245
2011-12-14,49.4708
2011-12-15,49.30815
2011-12-16,49.5788
2011-12-19,49.73365
2011-12-20,51.52152
2011-12-21,51.58658
2011-12-22,51.85983
2011-12-23,52.48181
2011-12-27,52.8982
2011-12-28,52.39203
2011-12-29,52.71473
2011-12-30,52.69911
2012-01-03,53.50977
2012-01-04,53.79734
2012-01-05,54.39459
2012-01-06,54.96322
2012-01-09,54.87604
2012-01-10,55.07252
2012-01-11,54.98274
2012-01-12,54.8318
2012-01-13,54.62621
2012-01-17,55.2625
2012-01-18,55.83634
2012-01-19,55.65937
2012-01-20,54.68997
2012-01-23,55.61513
2012-01-24,54.70428
2012-01-25,58.11996
2012-01-26,57.85582
2012-01-27,58.20064
2012-01-30,58.94623
2012-01-31,59.39775
2012-02-01,59.36002
2012-02-02,59.22079
2012-02-03,59.81414
2012-02-06,60.37236
2012-02-07,61.00475
2012-02-08,62.02621
2012-02-09,64.1719
2012-02-10,64.20443
2012-02-13,65.39895
2012-02-14,66.29158
2012-02-15,64.75745
2012-02-16,65.3482
2012-02-17,65.33649
2012-02-21,66.99294
2012-02-22,66.75741
2012-02-23,67.19332
2012-02-24,67.97665
2012-02-27,68.41256
2012-02-28,69.66823
2012-02-29,70.58298
2012-03-01,70.84712
2012-03-02,70.93951
2012-03-05,69.37546
2012-03-06,68.9981
2012-03-07,69.05406
2012-03-08,70.52442
2012-03-09,70.93821
2012-03-12,71.82694
2012-03-13,73.92189
2012-03-14,76.7169
2012-03-15,76.19381
2012-03-16,76.19511
2012-03-19,78.21589
2012-03-20,78.84828
2012-03-21,78.39806
2012-03-22,77.98688
2012-03-23,77.55878
2012-03-26,78.981
2012-03-27,79.95692
2012-03-28,80.3655
2012-03-29,79.35575
2012-03-30,78.01421
2012-04-02,80.49692
2012-04-03,81.88791
2012-04-04,81.23601
2012-04-05,82.45524
2012-04-09,82.78705
2012-04-10,81.77341
2012-04-11,81.48194
2012-04-12,81.03562
2012-04-13,78.75329
2012-04-16,75.48725
2012-04-17,79.33493
2012-04-18,79.15797
2012-04-19,76.43843
2012-04-20,74.55688
2012-04-23,74.39032
2012-04-24,72.90434
2012-04-25,79.37398
2012-04-26,79.07469
2012-04-27,78.46313
2012-04-30,75.98821
2012-05-01,75.74749
2012-05-02,76.24846
2012-05-03,75.70715
2012-05-04,73.55105
2012-05-07,74.10146
2012-05-08,73.9323
2012-05-09,74.06243
2012-05-10,74.23678
2012-05-11,73.74102
2012-05-14,72.63629
2012-05-15,71.97918
2012-05-16,71.05662
2012-05-17,68.97989
2012-05-18,69.01372
2012-05-21,73.03446
2012-05-22,72.47364
2012-05-23,74.24199
2012-05-24,73.56016
2012-05-25,73.16588
2012-05-29,74.46449
2012-05-30,75.36233
2012-05-31,75.17496
2012-06-01,72.99673
2012-06-04,73.42613
2012-06-05,73.23615
2012-06-06,74.3591
2012-06-07,74.39293
2012-06-08,75.51197
2012-06-11,74.32136
2012-06-12,74.97067
2012-06-13,74.45019
2012-06-14,74.36821
2012-06-15,74.70652
2012-06-18,76.22243
2012-06-19,76.43454
2012-06-20,76.21723
2012-06-21,75.16715
2012-06-22,75.74359
2012-06-25,74.26932
2012-06-26,74.43327
2012-06-27,74.75467
2012-06-28,74.0455
2012-06-29,75.99082
2012-07-02,77.09945
2012-07-03,77.99599
2012-07-05,79.36616
2012-07-06,78.83787
2012-07-09,79.88014
2012-07-10,79.14106
2012-07-11,78.6492
2012-07-12,77.92963
2012-07-13,78.71946
2012-07-16,78.9719
2012-07-17,78.9758
2012-07-18,78.88732
2012-07-19,79.9361
2012-07-20,78.63228
2012-07-23,78.57112
2012-07-24,78.19247
2012-07-25,74.81583
2012-07-26,74.80412
2012-07-27,76.14176
2012-07-30,77.42606
2012-07-31,79.47286
2012-08-01,78.95888
2012-08-02,79.0864
2012-08-03,80.11567
2012-08-06,81.00699
2012-08-07,80.7936
2012-08-08,80.65697
2012-08-09,81.11696
2012-08-10,81.24372
2012-08-13,82.32837
2012-08-14,82.54922
2012-08-15,82.43683
2012-08-16,83.15688
2012-08-17,84.69498
2012-08-20,86.92177
2012-08-21,85.73388
2012-08-22,87.4079
2012-08-23,86.59246
2012-08-24,86.66955
2012-08-27,88.29782
2012-08-28,88.18283
2012-08-29,88.00902
2012-08-30,86.7545
2012-08-31,86.93353
2012-09-04,88.20504
2012-09-05,87.58562
2012-09-06,88.37493
2012-09-07,88.91986
2012-09-10,86.60683
2012-09-11,86.32587
2012-09-12,87.52812
2012-09-13,89.25179
2012-09-14,90.33644
2012-09-17,91.44722
2012-09-18,91.72556
2012-09-19,91.75039
2012-09-20,91.30608
2012-09-21,91.48772
2012-09-24,90.2724
2012-09-25,88.01817
2012-09-26,86.92569
2012-09-27,89.03486
2012-09-28,87.1766
2012-10-01,86.16905
2012-10-02,86.41995
2012-10-03,87.74505
2012-10-04,87.13739
2012-10-05,85.28043
2012-10-08,83.39602
2012-10-09,83.09285
2012-10-10,83.75409
2012-10-11,82.08007
2012-10-12,82.29047
2012-10-15,82.9504
2012-10-16,84.91452
2012-10-17,84.2376
2012-10-18,82.67336
2012-10-19,79.69386
2012-10-22,82.85501
2012-10-23,80.15385
2012-10-24,80.60731
2012-10-25,79.65465
2012-10-26,78.93069
2012-10-31,77.79639
2012-11-01,77.95582
2012-11-02,75.37619
2012-11-05,76.39811
2012-11-06,76.1668
2012-11-07,73.25246
2012-11-08,70.5941
2012-11-09,71.81629
2012-11-12,71.26099
2012-11-13,71.27018
2012-11-14,70.47989
2012-11-15,69.00172
2012-11-16,69.27215
2012-11-19,74.26723
2012-11-20,73.63447
2012-11-21,73.73819
2012-11-23,75.0247
2012-11-26,77.39162
2012-11-27,76.76806
2012-11-28,76.52651
2012-11-29,77.3693
2012-11-30,76.83369
2012-12-03,76.95316
2012-12-04,75.59575
2012-12-05,70.73064
2012-12-06,71.83992
2012-12-07,70.00336
2012-12-10,69.55308
2012-12-11,71.07196
2012-12-12,70.7582
2012-12-13,69.53601
2012-12-14,66.9236
2012-12-17,68.11035
2012-12-18,70.08869
2012-12-19,69.0923
2012-12-20,68.49105
2012-12-21,68.17599
2012-12-24,68.28626
2012-12-26,67.345
2012-12-27,67.61544
2012-12-28,66.89735
2012-12-31,69.86158
2013-01-02,72.07491
2013-01-03,71.16516
2013-01-04,69.18288
2013-01-07,68.77592
2013-01-08,68.96103
2013-01-09,67.88324
2013-01-10,68.72472
2013-01-11,68.30333
2013-01-14,65.86814
2013-01-15,63.79003
2013-01-16,66.43788
2013-01-17,65.99023
2013-01-18,65.63841
2013-01-22,66.2646
2013-01-23,67.47759
2013-01-24,59.1402
2013-01-25,57.74604
2013-01-28,59.05225
2013-01-29,60.16022
2013-01-30,59.97119
2013-01-31,59.79527
2013-02-01,59.54979
2013-02-04,58.06636
2013-02-05,60.10378
2013-02-06,60.03945
2013-02-07,61.82465
2013-02-08,62.71726
2013-02-11,63.37087
2013-02-12,61.7824
2013-02-13,61.66488
2013-02-14,61.60943
2013-02-15,60.7604
2013-02-19,60.73795
2013-02-20,59.267
2013-02-21,58.89861
2013-02-22,59.5258
2013-02-25,58.46815
2013-02-26,59.28285
2013-02-27,58.70186
2013-02-28,58.28329
2013-03-01,56.84007
2013-03-04,55.46419
2013-03-05,56.92854
2013-03-06,56.20495
2013-03-07,56.8546
2013-03-08,57.00512
2013-03-11,57.81718
2013-03-12,56.5707
2013-03-13,56.56014
2013-03-14,57.10812
2013-03-15,58.5817
2013-03-18,60.17413
2013-03-19,60.01172
2013-03-20,59.69349
2013-03-21,59.77932
2013-03-22,60.99147
2013-03-25,61.21198
2013-03-26,60.8898
2013-03-27,59.69349
2013-03-28,58.44966
2013-04-01,56.63409
2013-04-02,56.75028
2013-04-03,57.04077
2013-04-04,56.47695
2013-04-05,55.88013
2013-04-08,56.27757
2013-04-09,56.37925
2013-04-10,57.52933
2013-04-11,57.34975
2013-04-12,56.7516
2013-04-15,55.43779
2013-04-16,56.28154
2013-04-17,53.18647
2013-04-18,51.76702
2013-04-19,51.56632
2013-04-22,52.64114
2013-04-23,53.62617
2013-04-24,53.5377
2013-04-25,53.92327
2013-04-26,55.08787
2013-04-29,56.79386
2013-04-30,58.46551
2013-05-01,58.00468
2013-05-02,58.8273
2013-05-03,59.41621
2013-05-06,60.83302
2013-05-07,60.56233
2013-05-08,61.24631
2013-05-09,60.71198
2013-05-10,60.2069
2013-05-13,60.44217
2013-05-14,58.99604
2013-05-15,57.00097
2013-05-16,57.76258
2013-05-17,57.58713
2013-05-20,58.87243
2013-05-21,58.43779
2013-05-22,58.66242
2013-05-23,58.76742
2013-05-24,59.1675
2013-05-28,58.67438
2013-05-29,59.14092
2013-05-30,60.02215
2013-05-31,59.77626
2013-06-03,59.90784
2013-06-04,59.72043
2013-06-05,59.16218
2013-06-06,58.27829
2013-06-07,58.72356
2013-06-10,58.33545
2013-06-11,58.16399
2013-06-12,57.44491
2013-06-13,57.946
2013-06-14,57.16047
2013-06-17,57.41966
2013-06-18,57.38908
2013-06-19,56.22341
2013-06-20,55.40465
2013-06-21,54.96071
2013-06-24,53.50395
2013-06-25,53.51592
2013-06-26,52.90982
2013-06-27,52.33961
2013-06-28,52.70513
2013-07-01,54.39183
2013-07-02,55.62396
2013-07-03,55.931
2013-07-05,55.48174
2013-07-08,55.16673
2013-07-09,56.13702
2013-07-10,55.92169
2013-07-11,56.79362
2013-07-12,56.68995
2013-07-15,56.81356
2013-07-16,57.18041
2013-07-17,57.19503
2013-07-18,57.38776
2013-07-19,56.4826
2013-07-22,56.66336
2013-07-23,55.69042
2013-07-24,58.55077
2013-07-25,58.28361
2013-07-26,58.61457
2013-07-29,59.5184
2013-07-30,60.25343
2013-07-31,60.14842
2013-08-01,60.70002
2013-08-02,61.4789
2013-08-05,62.39735
2013-08-06,61.83911
2013-08-07,61.80322
2013-08-08,61.68013
2013-08-09,60.80244
2013-08-12,62.52972
2013-08-13,65.50127
2013-08-14,66.69605
2013-08-15,66.61711
2013-08-16,67.20848
2013-08-19,67.9323
2013-08-20,67.0399
2013-08-21,67.21249
2013-08-22,67.29276
2013-08-23,67.03321
2013-08-26,67.29411
2013-08-27,65.37015
2013-08-28,65.67921
2013-08-29,65.78625
2013-08-30,65.18686
2013-09-03,65.36881
2013-09-04,66.72147
2013-09-05,66.26389
2013-09-06,66.65858
2013-09-09,67.72224
2013-09-10,66.1796
2013-09-11,62.57654
2013-09-12,63.24284
2013-09-13,62.20058
2013-09-16,60.22312
2013-09-17,60.91884
2013-09-18,62.17115
2013-09-19,63.19066
2013-09-20,62.53641
2013-09-23,65.64443
2013-09-24,65.43839
2013-09-25,64.42557
2013-09-26,65.05306
2013-09-27,64.5888
2013-09-30,63.78603
2013-10-01,65.28586
2013-10-02,65.49993
2013-10-03,64.6771
2013-10-04,64.62626
2013-10-07,65.25777
2013-10-08,64.34663
2013-10-09,65.10256
2013-10-10,65.51063
2013-10-11,65.93476
2013-10-14,66.36691
2013-10-15,66.72013
2013-10-16,67.04525
2013-10-17,67.49881
2013-10-18,68.08616
2013-10-21,69.75457
2013-10-22,69.55521
2013-10-23,70.23622
2013-10-24,71.16609
2013-10-25,70.37002
2013-10-28,70.89449
2013-10-29,69.12842
2013-10-30,70.2282
2013-10-31,69.93385
2013-11-01,69.57662
2013-11-04,70.47571
2013-11-05,70.30178
2013-11-06,70.10261
2013-11-07,68.96814
2013-11-08,70.05416
2013-11-11,69.85095
2013-11-12,69.98014
2013-11-13,70.06358
2013-11-14,71.07693
2013-11-15,70.65033
2013-11-18,69.79443
2013-11-19,69.91824
2013-11-20,69.30592
2013-11-21,70.13221
2013-11-22,69.95188
2013-11-25,70.48211
2013-11-26,71.78209
2013-11-27,73.47235
2013-11-29,74.8329
2013-12-02,74.18157
2013-12-03,76.21229
2013-12-04,76.03466
2013-12-05,76.42492
2013-12-06,75.36447
2013-12-09,76.2271
2013-12-10,76.10867
2013-12-11,75.5448
2013-12-12,75.43445
2013-12-13,74.6122
2013-12-16,75.02535
2013-12-17,74.68756
2013-12-18,74.11966
2013-12-19,73.27049
2013-12-20,73.88415
2013-12-23,76.71964
2013-12-24,76.39396
2013-12-26,75.88662
2013-12-27,75.37389
2013-12-30,74.62431
2013-12-31,75.49905
2014-01-02,74.43725
2014-01-03,72.80218
2014-01-06,73.19917
2014-01-07,72.67567
2014-01-08,73.13592
2014-01-09,72.20197
2014-01-10,71.72019
2014-01-13,72.09566
2014-01-14,73.53022
2014-01-15,75.0065
2014-01-16,74.58798
2014-01-17,72.76045
2014-01-21,73.89088
2014-01-22,74.21924
2014-01-23,74.84771
2014-01-24,73.48716
2014-01-27,74.08333
2014-01-28,68.16204
2014-01-29,67.38823
2014-01-30,67.2577
2014-01-31,67.36805
2014-02-03,67.4932
2014-02-04,68.47022
2014-02-05,68.9816
2014-02-06,69.38367
2014-02-07,70.35435
2014-02-10,71.61474
2014-02-11,72.55834
2014-02-12,72.55292
2014-02-13,73.70501
2014-02-14,73.64544
2014-02-18,73.91621
2014-02-19,72.74923
2014-02-20,71.90716
2014-02-21,71.10842
2014-02-24,71.4198
2014-02-25,70.67656
2014-02-26,70.03892
2014-02-27,71.43604
2014-02-28,71.24244
2014-03-03,71.44822
2014-03-04,71.91934
2014-03-05,72.07097
2014-03-06,71.85301
2014-03-07,71.81104
2014-03-10,71.87602
2014-03-11,72.57594
2014-03-12,72.64633
2014-03-13,71.83947
2014-03-14,71.0326
2014-03-17,71.31014
2014-03-18,71.94101
2014-03-19,71.92206
2014-03-20,71.57548
2014-03-21,72.14001
2014-03-24,72.99562
2014-03-25,73.78082
2014-03-26,73.07549
2014-03-27,72.76141
2014-03-28,72.68018
2014-03-31,72.66393
2014-04-01,73.32865
2014-04-02,73.45049
2014-04-03,72.94147
2014-04-04,71.99787
2014-04-07,70.86744
2014-04-08,70.86338
2014-04-09,71.7948
2014-04-10,70.8688
2014-04-11,70.34488
2014-04-14,70.62511
2014-04-15,70.1215
2014-04-16,70.26365
2014-04-17,71.06645
2014-04-21,71.90987
2014-04-22,71.98162
2014-04-23,71.04073
2014-04-24,76.86478
2014-04-25,77.42932
2014-04-28,80.42799
2014-04-29,80.18972
2014-04-30,79.88646
2014-05-01,80.07465
2014-05-02,80.22357
2014-05-05,81.35805
2014-05-06,80.47131
2014-05-07,80.18972
2014-05-08,80.04678
2014-05-09,79.71324
2014-05-12,80.70568
2014-05-13,80.83228
2014-05-14,80.84725
2014-05-15,80.15977
2014-05-16,81.34279
2014-05-19,82.30664
2014-05-20,82.32298
2014-05-21,82.54079
2014-05-22,82.67148
2014-05-23,83.60538
2014-05-27,85.17095
2014-05-28,84.9504
2014-05-29,86.49827
2014-05-30,86.17427
2014-06-02,85.58208
2014-06-03,86.79233
2014-06-04,87.7834
2014-06-05,88.12782
2014-06-06,87.8855
2014-06-09,89.29179
2014-06-10,89.81591
2014-06-11,89.44426
2014-06-12,87.94813
2014-06-13,86.98564
2014-06-16,87.86235
2014-06-17,87.74801
2014-06-18,87.8433
2014-06-19,87.53835
2014-06-20,86.63305
2014-06-23,86.55681
2014-06-24,86.03269
2014-06-25,86.10892
2014-06-26,86.62352
2014-06-27,87.65271
2014-06-30,88.55801
2014-07-01,89.12025
2014-07-02,89.08214
2014-07-03,89.60626
2014-07-07,91.455
2014-07-08,90.86416
2014-07-09,90.90228
2014-07-10,90.56875
2014-07-11,90.74028
2014-07-14,91.91241
2014-07-15,90.83557
2014-07-16,90.32098
2014-07-17,88.71048
2014-07-18,89.98745
2014-07-21,89.5205
2014-07-22,90.2638
2014-07-23,92.6176
2014-07-24,92.46513
2014-07-25,93.07501
2014-07-28,94.3615
2014-07-29,93.75161
2014-07-30,93.53244
2014-07-31,91.1024
2014-08-01,91.60747
2014-08-04,91.09287
2014-08-05,90.64499
2014-08-06,90.49251
2014-08-07,90.48294
2014-08-08,90.73193
2014-08-11,91.92905
2014-08-12,91.9099
2014-08-13,93.12617
2014-08-14,93.37517
2014-08-15,93.83487
2014-08-18,94.96495
2014-08-19,96.27698
2014-08-20,96.31529
2014-08-21,96.32487
2014-08-22,97.03356
2014-08-25,97.24425
2014-08-26,96.62175
2014-08-27,97.80929
2014-08-28,97.92422
2014-08-29,98.16364
2014-09-02,98.9298
2014-09-03,94.75425
2014-09-04,93.96894
2014-09-05,94.78298
2014-09-08,94.19879
2014-09-09,93.84444
2014-09-10,96.7271
2014-09-11,97.13891
2014-09-12,97.35918
2014-09-15,97.33044
2014-09-16,96.59302
2014-09-17,97.28256
2014-09-18,97.48368
2014-09-19,96.68879
2014-09-22,96.78456
2014-09-23,98.29772
2014-09-24,97.44537
2014-09-25,93.72952
2014-09-26,96.48768
2014-09-29,95.87475
2014-09-30,96.48768
2014-10-01,94.9841
2014-10-02,95.67364
2014-10-03,95.40548
2014-10-06,95.40548
2014-10-07,94.57229
2014-10-08,96.53556
2014-10-09,96.74625
2014-10-10,96.46852
2014-10-13,95.58744
2014-10-14,94.57229
2014-10-15,93.41348
2014-10-16,92.18763
2014-10-17,93.53798
2014-10-20,95.53956
2014-10-21,98.13491
2014-10-22,98.63291
2014-10-23,100.39507
2014-10-24,100.76857
2014-10-27,100.66322
2014-10-28,102.22426
2014-10-29,102.79888
2014-10-30,102.45411
2014-10-31,103.43096
2014-11-03,104.77173
2014-11-04,104.00557
2014-11-05,104.25458
2014-11-06,104.55275
2014-11-07,104.85093
2014-11-10,104.67779
2014-11-11,105.51459
2014-11-12,107.00546
2014-11-13,108.51556
2014-11-14,109.82367
2014-11-17,109.64092
2014-11-18,111.06445
2014-11-19,110.29497
2014-11-20,111.8724
2014-11-21,112.0263
2014-11-24,114.10389
2014-11-25,113.11319
2014-11-26,114.45977
2014-11-28,114.39244
2014-12-01,110.67971
2014-12-02,110.2565
2014-12-03,111.5069
2014-12-04,111.08369
2014-12-05,110.61239
2014-12-08,108.11159
2014-12-09,109.76596
2014-12-10,107.67875
2014-12-11,107.36135
2014-12-12,105.54346
2014-12-15,104.10068
2014-12-16,102.67715
2014-12-17,105.23566
2014-12-18,108.35205
2014-12-19,107.51524
2014-12-22,108.63098
2014-12-23,108.24624
2014-12-24,107.73646
2014-12-26,109.64092
2014-12-29,109.56398
2014-12-30,108.227
2014-12-31,106.16865
2015-01-02,105.15872
2015-01-05,102.19623
2015-01-06,102.20585
2015-01-07,103.639
2015-01-08,107.62104
2015-01-09,107.73646
2015-01-12,105.08177
2015-01-13,106.01476
2015-01-14,105.61079
2015-01-15,102.74448
2015-01-16,101.94614
2015-01-20,104.57199
2015-01-21,105.37032
2015-01-22,108.11159
2015-01-23,108.66946
2015-01-26,108.78487
2015-01-27,104.97596
2015-01-28,110.91056
2015-01-29,114.36359
2015-01-30,112.68998
2015-02-02,114.10389
2015-02-03,114.12313
2015-02-04,114.9984
2015-02-05,115.8192
2015-02-06,114.8439
2015-02-09,115.60676
2015-02-10,117.82773
2015-02-11,120.58947
2015-02-12,122.11519
2015-02-13,122.71389
2015-02-17,123.43812
2015-02-18,124.29754
2015-02-19,124.03682
2015-02-20,125.05074
2015-02-23,128.43049
2015-02-24,127.62901
2015-02-25,124.36513
2015-02-26,125.93913
2015-02-27,124.04648
2015-03-02,124.65483
2015-03-03,124.91555
2015-03-04,124.12372
2015-03-05,122.06691
2015-03-06,122.25038
2015-03-09,122.77183
2015-03-10,120.23219
2015-03-11,118.04018
2015-03-12,120.17424
2015-03-13,119.34379
2015-03-16,120.65707
2015-03-17,122.67526
2015-03-18,124.05613
2015-03-19,123.11946
2015-03-20,121.57443
2015-03-23,122.83942
2015-03-24,122.33729
2015-03-25,119.14101
2015-03-26,119.97146
2015-03-27,119.01548
2015-03-30,122.02828
2015-03-31,120.15493
2015-04-01,119.98112
2015-04-02,121.01436
2015-04-06,122.97461
2015-04-07,121.68065
2015-04-08,121.28473
2015-04-09,122.21175
2015-04-10,122.7332
2015-04-13,122.49179
2015-04-14,121.96069
2015-04-15,122.42419
2015-04-16,121.83515
2015-04-17,120.46394
2015-04-20,123.21602
2015-04-21,122.54973
2015-04-22,124.20097
2015-04-23,125.2149
2015-04-24,125.80394
2015-04-27,128.09251
2015-04-28,126.07432
2015-04-29,124.22029
2015-04-30,120.8502
2015-05-01,124.51964
2015-05-04,124.27823
2015-05-05,121.47787
2015-05-06,120.71501
2015-05-07,121.46166
2015-05-08,123.7501
2015-05-11,122.48952
2015-05-12,122.05317
2015-05-13,122.18892
2015-05-14,125.03977
2015-05-15,124.86523
2015-05-18,126.24217
2015-05-19,126.12581
2015-05-20,126.11611
2015-05-21,127.40578
2015-05-22,128.5209
2015-05-26,125.68945
2015-05-27,128.03606
2015-05-28,127.78395
2015-05-29,126.32944
2015-06-01,126.58155
2015-06-02,126.01915
2015-06-03,126.17428
2015-06-04,125.43734
2015-06-05,124.74886
2015-06-08,123.92464
2015-06-09,123.55616
2015-06-10,124.9719
2015-06-11,124.69068
2015-06-12,123.31374
2015-06-15,123.07132
2015-06-16,123.7307
2015-06-17,123.43981
2015-06-18,124.00221
2015-06-19,122.76103
2015-06-22,123.7404
2015-06-23,123.17799
2015-06-24,124.22524
2015-06-25,123.63374
2015-06-26,122.90648
2015-06-29,120.7538
2015-06-30,121.62651
2015-07-01,122.76103
2015-07-02,122.60588
2015-07-06,122.17922
2015-07-07,121.87863
2015-07-08,118.85323
2015-07-09,116.42904
2015-07-10,119.5417
2015-07-13,121.84954
2015-07-14,121.80105
2015-07-15,122.97436
2015-07-16,124.61311
2015-07-17,125.68945
2015-07-20,128.06517
2015-07-21,126.78519
2015-07-22,121.42288
2015-07-23,121.3647
2015-07-24,120.72471
2015-07-27,119.04717
2015-07-28,119.63867
2015-07-29,119.2605
2015-07-30,118.6593
2015-07-31,117.62175
2015-08-03,114.84847
2015-08-04,111.1637
2015-08-05,111.90066
2015-08-06,112.14416
2015-08-07,112.52405
2015-08-10,116.61513
2015-08-11,110.5467
2015-08-12,112.25131
2015-08-13,112.16365
2015-08-14,112.95264
2015-08-17,114.12152
2015-08-18,113.47864
2015-08-19,112.02728
2015-08-20,109.72849
2015-08-21,103.01717
2015-08-24,100.44564
2015-08-25,101.04956
2015-08-26,106.84525
2015-08-27,109.99148
2015-08-28,110.35189
2015-08-31,109.83563
2015-09-01,104.92634
2015-09-02,109.42652
2015-09-03,107.50762
2015-09-04,106.43614
2015-09-08,109.3973
2015-09-09,107.29332
2015-09-10,109.65056
2015-09-11,111.24802
2015-09-14,112.3195
2015-09-15,113.26434
2015-09-16,113.39097
2015-09-17,110.96555
2015-09-18,110.50773
2015-09-21,112.22209
2015-09-22,110.45903
2015-09-23,111.35517
2015-09-24,112.01754
2015-09-25,111.73506
2015-09-28,109.52393
2015-09-29,106.23159
2015-09-30,107.43943
2015-10-01,106.7381
2015-10-02,107.51735
2015-10-05,107.90698
2015-10-06,108.42323
2015-10-07,107.90698
2015-10-08,106.66018
2015-10-09,109.21223
2015-10-12,108.70571
2015-10-13,108.89079
2015-10-14,107.35176
2015-10-15,108.95897
2015-10-16,108.16024
2015-10-19,108.83235
2015-10-20,110.81943
2015-10-21,110.8097
2015-10-22,112.50457
2015-10-23,115.99173
2015-10-26,112.29027
2015-10-27,111.57921
2015-10-28,116.17679
2015-10-29,117.40412
2015-10-30,116.40083
2015-11-02,118.03726
2015-11-03,119.39121
2015-11-04,118.836
2015-11-05,118.28818
2015-11-06,118.42513
2015-11-09,117.9458
2015-11-10,114.2285
2015-11-11,113.58287
2015-11-12,113.20136
2015-11-13,109.89492
2015-11-16,111.69488
2015-11-17,111.21555
2015-11-18,114.73719
2015-11-19,116.19476
2015-11-20,116.70345
2015-11-23,115.18718
2015-11-24,116.29258
2015-11-25,115.46108
2015-11-27,115.24587
2015-11-30,115.72521
2015-12-01,114.7861
2015-12-02,113.74917
2015-12-03,112.69268
2015-12-04,116.43932
2015-12-07,115.70564
2015-12-08,115.65673
2015-12-09,113.10354
2015-12-10,113.64157
2015-12-11,110.71664
2015-12-14,110.03188
2015-12-15,108.08519
2015-12-16,108.91669
2015-12-17,106.60806
2015-12-18,103.72226
2015-12-21,104.99397
2015-12-22,104.89615
2015-12-23,106.24611
2015-12-24,105.67873
2015-12-28,104.49507
2015-12-29,106.37328
2015-12-30,104.98419
2015-12-31,102.96903
2016-01-04,103.05706
2016-01-05,100.47452
2016-01-06,98.50827
2016-01-07,94.35077
2016-01-08,94.84967
2016-01-11,96.3855
2016-01-12,97.78438
2016-01-13,95.27031
2016-01-14,97.35395
2016-01-15,95.01597
2016-01-19,94.55621
2016-01-20,94.68337
2016-01-21,94.20404
2016-01-22,99.2126
2016-01-25,97.2757
2016-01-26,97.81372
2016-01-27,91.38672
2016-01-28,92.04213
2016-01-29,95.2214
2016-02-01,94.33121
2016-02-02,92.42365
2016-02-03,94.25295
2016-02-04,95.01028
2016-02-05,92.47274
2016-02-08,93.44645
2016-02-09,93.42677
2016-02-10,92.71862
2016-02-11,92.158
2016-02-12,92.44323
2016-02-16,95.04962
2016-02-17,96.50527
2016-02-18,94.67588
2016-02-19,94.4595
2016-02-22,95.28567
2016-02-23,93.13171
2016-02-24,94.51851
2016-02-25,95.16765
2016-02-26,95.31518
2016-02-29,95.0988
2016-03-01,98.8756
2016-03-02,99.09198
2016-03-03,99.82964
2016-03-04,101.3148
2016-03-07,100.19356
2016-03-08,99.36738
2016-03-09,99.4559
2016-03-10,99.50507
2016-03-11,100.57714
2016-03-14,100.83285
2016-03-15,102.85896
2016-03-16,104.22608
2016-03-17,104.05888
2016-03-18,104.1769
2016-03-21,104.16707
2016-03-22,104.96374
2016-03-23,104.38344
2016-03-24,103.93102
2016-03-28,103.45892
2016-03-29,105.90794
2016-03-30,107.757
2016-03-31,107.19638
2016-04-01,108.17992
2016-04-04,109.29133
2016-04-05,108.00289
2016-04-06,109.13396
2016-04-07,106.75379
2016-04-08,106.87182
2016-04-11,107.22589
2016-04-12,108.62252
2016-04-13,110.19619
2016-04-14,110.2552
2016-04-15,108.04223
2016-04-18,105.71124
2016-04-19,105.15062
2016-04-20,105.36699
2016-04-21,104.22608
2016-04-22,103.94085
2016-04-25,103.35073
2016-04-26,102.63274
2016-04-27,96.2102
2016-04-28,93.26941
2016-04-29,92.19734
2016-05-02,92.09899
2016-05-03,93.61365
2016-05-04,92.63994
2016-05-05,92.26392
2016-05-06,91.74936
2016-05-09,91.81863
2016-05-10,92.44203
2016-05-11,91.54156
2016-05-12,89.39427
2016-05-13,89.57239
2016-05-16,92.89722
2016-05-17,92.5113
2016-05-18,93.5701
2016-05-19,93.21387
2016-05-20,94.22319
2016-05-23,95.42052
2016-05-24,96.87514
2016-05-25,98.57713
2016-05-26,99.35886
2016-05-27,99.29949
2016-05-31,98.81462
2016-06-01,97.42927
2016-06-02,96.69702
2016-06-03,96.89492
2016-06-06,97.59749
2016-06-07,97.99331
2016-06-08,97.90425
2016-06-09,98.60682
2016-06-10,97.7954
2016-06-13,96.32099
2016-06-14,96.43974
2016-06-15,96.12309
2016-06-16,96.5288
2016-06-17,94.33204
2016-06-20,94.10445
2016-06-21,94.90597
2016-06-22,94.54974
2016-06-23,95.09398
2016-06-24,92.42225
2016-06-27,91.07648
2016-06-28,92.61025
2016-06-29,93.41178
2016-06-30,94.59921
2016-07-01,94.88618
2016-07-05,93.9956
2016-07-06,94.52994
2016-07-07,94.93566
2016-07-08,95.66791
2016-07-11,95.96477
2016-07-12,96.40016
2016-07-13,95.85592
2016-07-14,97.75582
2016-07-15,97.74592
2016-07-18,98.78493
2016-07-19,98.82452
2016-07-20,98.91357
2016-07-21,98.38912
2016-07-22,97.62718
2016-07-25,96.32099
2016-07-26,95.65801
2016-07-27,101.87227
2016-07-28,103.24771
2016-07-29,103.11908
2016-08-01,104.93982
2016-08-02,103.38626
2016-08-03,104.68254
2016-08-04,105.32922
2016-08-05,106.931
2016-08-08,107.81645
2016-08-09,108.2542
2016-08-10,107.44834
2016-08-11,107.37869
2016-08-12,107.62742
2016-08-15,108.92078
2016-08-16,108.82128
2016-08-17,108.66211
2016-08-18,108.52282
2016-08-19,108.80139
2016-08-22,107.95573
2016-08-23,108.29399
2016-08-24,107.47818
2016-08-25,107.02053
2016-08-26,106.39375
2016-08-29,106.27436
2016-08-30,105.45855
2016-08-31,105.55804
2016-09-01,106.18483
2016-09-02,107.17972
2016-09-06,107.14987
2016-09-07,107.8065
2016-09-08,104.981
2016-09-09,102.60321
2016-09-12,104.90142
2016-09-13,107.39859
2016-09-14,111.19908
2016-09-15,114.97967
2016-09-16,114.33299
2016-09-19,112.99984
2016-09-20,112.98988
2016-09-21,112.96999
2016-09-22,114.03452
2016-09-23,112.13428
2016-09-26,112.30341
2016-09-27,112.51233
2016-09-28,113.36794
2016-09-29,111.60698
2016-09-30,112.47254
2016-10-03,111.94524
2016-10-04,112.4228
2016-10-05,112.47254
2016-10-06,113.30825
2016-10-07,113.47738
2016-10-10,115.45722
2016-10-11,115.70594
2016-10-12,116.74062
2016-10-13,116.38247
2016-10-14,117.02914
2016-10-17,116.94956
2016-10-18,116.86996
2016-10-19,116.52175
2016-10-20,116.46206
2016-10-21,116.00441
2016-10-24,117.04905
2016-10-25,117.64598
2016-10-26,114.99956
2016-10-27,113.89524
2016-10-28,113.13912
2016-10-31,112.96004
2016-11-01,110.92051
2016-11-02,111.01999
2016-11-03,109.83
2016-11-04,108.84
2016-11-07,110.41
2016-11-08,111.06
2016-11-09,110.88
2016-11-10,107.79
2016-11-11,108.43
2016-11-14,105.71
2016-11-15,107.11
2016-11-16,109.99
2016-11-17,109.95
2016-11-18,110.06
2016-11-21,111.73
2016-11-22,111.8
2016-11-23,111.23
2016-11-25,111.79
2016-11-28,111.57
2016-11-29,111.46
2016-11-30,110.52
2016-12-01,109.49
2016-12-02,109.9
